ContigID,Superkingdom,Realm,Kingdom,Phylum,Class,Order,Family,Subfamily,Genus,Species,Isolate
NC_038479.1,Viruses,Monodnaviria,Shotokuvirae,Cressdnaviricota,Repensiviricetes,Geplafuvirales,Genomoviridae,Unclassified Genomoviridae,Gemycircularvirus,Hypericum associated gemycircularvirus 1,Hypericum japonicum associated circular DNA virus isolate VNHJ1W
NC_038489.1,Viruses,Monodnaviria,Shotokuvirae,Cressdnaviricota,Repensiviricetes,Geplafuvirales,Genomoviridae,Unclassified Genomoviridae,Gemycircularvirus,Pteropus associated gemycircularvirus 6,Pteropus associated gemycircularvirus 6 isolate Tbat_103951
NC_038490.1,Viruses,Monodnaviria,Shotokuvirae,Cressdnaviricota,Repensiviricetes,Geplafuvirales,Genomoviridae,Unclassified Genomoviridae,Gemycircularvirus,Pteropus associated gemycircularvirus 7,Pteropus associated gemycircularvirus 7 isolate Tbat_A_103746
NC_038491.1,Viruses,Monodnaviria,Shotokuvirae,Cressdnaviricota,Repensiviricetes,Geplafuvirales,Genomoviridae,Unclassified Genomoviridae,Gemycircularvirus,Pteropus associated gemycircularvirus 8,Pteropus associated gemycircularvirus 8 isolate Tbat_31579
NC_038495.1,Viruses,Monodnaviria,Shotokuvirae,Cressdnaviricota,Repensiviricetes,Geplafuvirales,Genomoviridae,Unclassified Genomoviridae,Gemygorvirus,Pteropus associated gemygorvirus 1,Pacific flying fox faeces associated gemycircularvirus-1 isolate Tbat_A_103952
NC_038498.1,Viruses,Monodnaviria,Shotokuvirae,Cressdnaviricota,Repensiviricetes,Geplafuvirales,Genomoviridae,Unclassified Genomoviridae,Gemykibivirus,Pteropus associated gemykibivirus 1,Pacific flying fox faeces associated gemycircularvirus-12 isolate Tbat_A_64418
NC_038499.1,Viruses,Monodnaviria,Shotokuvirae,Cressdnaviricota,Repensiviricetes,Geplafuvirales,Genomoviridae,Unclassified Genomoviridae,Gemykibivirus,Rhinolophus associated gemykibivirus 1,Rhinolophus associated gemykibivirus 1 isolate BtRh-CV-6/Tibet2013
NC_037062.1,Viruses,Monodnaviria,Shotokuvirae,Cressdnaviricota,Repensiviricetes,Geplafuvirales,Genomoviridae,Unclassified Genomoviridae,Unclassified Genomoviridae,Varroa mite associated genomovirus 1,Varroa mite associated genomovirus 1 isolate VPVL_36
NC_035477.1,Viruses,Monodnaviria,Shotokuvirae,Cressdnaviricota,Repensiviricetes,Geplafuvirales,Genomoviridae,Unclassified Genomoviridae,Gemycircularvirus,Porcine feces-associated gemycircularvirus,Porcine feces-associated gemycircularvirus isolate BEL/15V010
NC_035137.1,Viruses,Monodnaviria,Shotokuvirae,Cressdnaviricota,Repensiviricetes,Geplafuvirales,Genomoviridae,Unclassified Genomoviridae,Unclassified Genomoviridae,Bemisia-associated genomovirus AdDF,
NC_035139.1,Viruses,Monodnaviria,Shotokuvirae,Cressdnaviricota,Repensiviricetes,Geplafuvirales,Genomoviridae,Unclassified Genomoviridae,Unclassified Genomoviridae,Bemisia-associated genomovirus NfO,
NC_033742.1,Viruses,Monodnaviria,Shotokuvirae,Cressdnaviricota,Repensiviricetes,Geplafuvirales,Genomoviridae,Unclassified Genomoviridae,Unclassified Genomoviridae,Thrips-associated genomovirus 3,Thrips-associated genomovirus 3 isolate thrp_197938
NC_033270.1,Viruses,Monodnaviria,Shotokuvirae,Cressdnaviricota,Repensiviricetes,Geplafuvirales,Genomoviridae,Unclassified Genomoviridae,Gemycircularvirus,Chicken stool-associated gemycircularvirus,Chicken stool-associated gemycircularvirus strain RS/BR/2015
NC_030887.1,Viruses,Monodnaviria,Shotokuvirae,Cressdnaviricota,Repensiviricetes,Geplafuvirales,Genomoviridae,Unclassified Genomoviridae,Gemycircularvirus,Common bean-associated gemycircularvirus,Common bean-associated gemycircularvirus isolate 53_2
NC_030144.1,Viruses,Monodnaviria,Shotokuvirae,Cressdnaviricota,Repensiviricetes,Geplafuvirales,Genomoviridae,Unclassified Genomoviridae,Gemycircularvirus,Sheep associated gemycircularvirus 1,Faeces associated gemycircularvirus 16 isolate 47_Fec80064_sheep
NC_030147.1,Viruses,Monodnaviria,Shotokuvirae,Cressdnaviricota,Repensiviricetes,Geplafuvirales,Genomoviridae,Unclassified Genomoviridae,Gemygorvirus,Canine associated gemygorvirus 1,Faeces associated gemycircularvirus 15 isolate 53_Fec7_dog
NC_027821.1,Viruses,Monodnaviria,Shotokuvirae,Cressdnaviricota,Repensiviricetes,Geplafuvirales,Genomoviridae,Unclassified Genomoviridae,Gemycircularvirus,Rat associated gemycircularvirus 1,Gemycircularvirus gemy-ch-rat1
NC_026818.1,Viruses,Monodnaviria,Shotokuvirae,Cressdnaviricota,Repensiviricetes,Geplafuvirales,Genomoviridae,Unclassified Genomoviridae,Gemykibivirus,Human associated gemykibivirus 2,Gemycircularvirus SL1
NC_025735.1,Viruses,Monodnaviria,Shotokuvirae,Cressdnaviricota,Repensiviricetes,Geplafuvirales,Genomoviridae,Unclassified Genomoviridae,Gemycircularvirus,Gerygone associated gemycircularvirus 2,Faecal-associated gemycircularvirus 5
NC_024909.1,Viruses,Monodnaviria,Shotokuvirae,Cressdnaviricota,Repensiviricetes,Geplafuvirales,Genomoviridae,Unclassified Genomoviridae,Gemykrogvirus,Caribou associated gemykrogvirus 1,Caribou feces-associated gemycircularvirus
NC_024690.1,Viruses,Monodnaviria,Shotokuvirae,Cressdnaviricota,Repensiviricetes,Geplafuvirales,Genomoviridae,Unclassified Genomoviridae,Gemykrogvirus,Bovine associated gemykrogvirus 1,HCBI9.212 virus
MT457876.1,Viruses,Monodnaviria,Shotokuvirae,Cressdnaviricota,Repensiviricetes,Geplafuvirales,Genomoviridae,Unclassified Genomoviridae,Gemycircularvirus,Raccoon dog stool-associated gemycircularvirus 1,Raccoon dog stool-associated gemycircularvirus 1 strain CJY2
MT457877.1,Viruses,Monodnaviria,Shotokuvirae,Cressdnaviricota,Repensiviricetes,Geplafuvirales,Genomoviridae,Unclassified Genomoviridae,Gemycircularvirus,Raccoon dog stool-associated gemycircularvirus 2,Raccoon dog stool-associated gemycircularvirus 2 strain CJY3
MW183043.1,Viruses,Monodnaviria,Shotokuvirae,Cressdnaviricota,Repensiviricetes,Geplafuvirales,Genomoviridae,Unclassified Genomoviridae,Unclassified Genomoviridae,Ficedula parva Genomoviridae sp.,Ficedula parva Genomoviridae sp. isolate rbf133gen10
MW183044.1,Viruses,Monodnaviria,Shotokuvirae,Cressdnaviricota,Repensiviricetes,Geplafuvirales,Genomoviridae,Unclassified Genomoviridae,Unclassified Genomoviridae,Fringilla montifringilla Genomoviridae sp.,Fringilla montifringilla Genomoviridae sp. isolate brb25gen24 
MT309819.1,Viruses,Monodnaviria,Shotokuvirae,Cressdnaviricota,Repensiviricetes,Geplafuvirales,Genomoviridae,Unclassified Genomoviridae,Unclassified Genomoviridae,Genomoviridae sp.,Genomoviridae sp. isolate 6538_333
MT309823.1,Viruses,Monodnaviria,Shotokuvirae,Cressdnaviricota,Repensiviricetes,Geplafuvirales,Genomoviridae,Unclassified Genomoviridae,Unclassified Genomoviridae,Genomoviridae sp.,Genomoviridae sp. isolate 6538_316
MT309828.1,Viruses,Monodnaviria,Shotokuvirae,Cressdnaviricota,Repensiviricetes,Geplafuvirales,Genomoviridae,Unclassified Genomoviridae,Unclassified Genomoviridae,Genomoviridae sp.,Genomoviridae sp. isolate 6538_308
MT309832.1,Viruses,Monodnaviria,Shotokuvirae,Cressdnaviricota,Repensiviricetes,Geplafuvirales,Genomoviridae,Unclassified Genomoviridae,Unclassified Genomoviridae,Genomoviridae sp.,Genomoviridae sp. isolate 6538_287
MT309834.1,Viruses,Monodnaviria,Shotokuvirae,Cressdnaviricota,Repensiviricetes,Geplafuvirales,Genomoviridae,Unclassified Genomoviridae,Unclassified Genomoviridae,Genomoviridae sp.,Genomoviridae sp. isolate 6538_277
MT309835.1,Viruses,Monodnaviria,Shotokuvirae,Cressdnaviricota,Repensiviricetes,Geplafuvirales,Genomoviridae,Unclassified Genomoviridae,Unclassified Genomoviridae,Genomoviridae sp.,Genomoviridae sp. isolate 6538_237
MT309837.1,Viruses,Monodnaviria,Shotokuvirae,Cressdnaviricota,Repensiviricetes,Geplafuvirales,Genomoviridae,Unclassified Genomoviridae,Unclassified Genomoviridae,Genomoviridae sp.,Genomoviridae sp. isolate 6537_314
MT309840.1,Viruses,Monodnaviria,Shotokuvirae,Cressdnaviricota,Repensiviricetes,Geplafuvirales,Genomoviridae,Unclassified Genomoviridae,Unclassified Genomoviridae,Genomoviridae sp.,Genomoviridae sp. isolate 6537_279
MT309841.1,Viruses,Monodnaviria,Shotokuvirae,Cressdnaviricota,Repensiviricetes,Geplafuvirales,Genomoviridae,Unclassified Genomoviridae,Unclassified Genomoviridae,Genomoviridae sp.,Genomoviridae sp. isolate 6537_278
MT309842.1,Viruses,Monodnaviria,Shotokuvirae,Cressdnaviricota,Repensiviricetes,Geplafuvirales,Genomoviridae,Unclassified Genomoviridae,Unclassified Genomoviridae,Genomoviridae sp.,Genomoviridae sp. isolate 6537_257
MT309843.1,Viruses,Monodnaviria,Shotokuvirae,Cressdnaviricota,Repensiviricetes,Geplafuvirales,Genomoviridae,Unclassified Genomoviridae,Unclassified Genomoviridae,Genomoviridae sp.,Genomoviridae sp. isolate 6537_209
MT309848.1,Viruses,Monodnaviria,Shotokuvirae,Cressdnaviricota,Repensiviricetes,Geplafuvirales,Genomoviridae,Unclassified Genomoviridae,Unclassified Genomoviridae,Genomoviridae sp.,Genomoviridae sp. isolate 6435_88
MT309849.1,Viruses,Monodnaviria,Shotokuvirae,Cressdnaviricota,Repensiviricetes,Geplafuvirales,Genomoviridae,Unclassified Genomoviridae,Unclassified Genomoviridae,Genomoviridae sp.,Genomoviridae sp. isolate 6435_76
MT309852.1,Viruses,Monodnaviria,Shotokuvirae,Cressdnaviricota,Repensiviricetes,Geplafuvirales,Genomoviridae,Unclassified Genomoviridae,Unclassified Genomoviridae,Genomoviridae sp.,Genomoviridae sp. isolate 6434_439
MT309854.1,Viruses,Monodnaviria,Shotokuvirae,Cressdnaviricota,Repensiviricetes,Geplafuvirales,Genomoviridae,Unclassified Genomoviridae,Unclassified Genomoviridae,Genomoviridae sp.,Genomoviridae sp. isolate 6434_426
MT309856.1,Viruses,Monodnaviria,Shotokuvirae,Cressdnaviricota,Repensiviricetes,Geplafuvirales,Genomoviridae,Unclassified Genomoviridae,Unclassified Genomoviridae,Genomoviridae sp.,Genomoviridae sp. isolate 6434_416
MT309858.1,Viruses,Monodnaviria,Shotokuvirae,Cressdnaviricota,Repensiviricetes,Geplafuvirales,Genomoviridae,Unclassified Genomoviridae,Unclassified Genomoviridae,Genomoviridae sp.,Genomoviridae sp. isolate 6434_413
MT309860.1,Viruses,Monodnaviria,Shotokuvirae,Cressdnaviricota,Repensiviricetes,Geplafuvirales,Genomoviridae,Unclassified Genomoviridae,Unclassified Genomoviridae,Genomoviridae sp.,Genomoviridae sp. isolate 6434_398
MT309868.1,Viruses,Monodnaviria,Shotokuvirae,Cressdnaviricota,Repensiviricetes,Geplafuvirales,Genomoviridae,Unclassified Genomoviridae,Unclassified Genomoviridae,Genomoviridae sp.,Genomoviridae sp. isolate 6434_362
MT309870.1,Viruses,Monodnaviria,Shotokuvirae,Cressdnaviricota,Repensiviricetes,Geplafuvirales,Genomoviridae,Unclassified Genomoviridae,Unclassified Genomoviridae,Genomoviridae sp.,Genomoviridae sp. isolate 6434_352
MT309876.1,Viruses,Monodnaviria,Shotokuvirae,Cressdnaviricota,Repensiviricetes,Geplafuvirales,Genomoviridae,Unclassified Genomoviridae,Unclassified Genomoviridae,Genomoviridae sp.,Genomoviridae sp. isolate 6434_68
MT309877.1,Viruses,Monodnaviria,Shotokuvirae,Cressdnaviricota,Repensiviricetes,Geplafuvirales,Genomoviridae,Unclassified Genomoviridae,Unclassified Genomoviridae,Genomoviridae sp.,Genomoviridae sp. isolate 6433_305
MT309883.1,Viruses,Monodnaviria,Shotokuvirae,Cressdnaviricota,Repensiviricetes,Geplafuvirales,Genomoviridae,Unclassified Genomoviridae,Unclassified Genomoviridae,Genomoviridae sp.,Genomoviridae sp. isolate 6433_282
MT309884.1,Viruses,Monodnaviria,Shotokuvirae,Cressdnaviricota,Repensiviricetes,Geplafuvirales,Genomoviridae,Unclassified Genomoviridae,Unclassified Genomoviridae,Genomoviridae sp.,Genomoviridae sp. isolate 6433_275
MT309885.1,Viruses,Monodnaviria,Shotokuvirae,Cressdnaviricota,Repensiviricetes,Geplafuvirales,Genomoviridae,Unclassified Genomoviridae,Unclassified Genomoviridae,Genomoviridae sp.,Genomoviridae sp. isolate 6433_262
MT309887.1,Viruses,Monodnaviria,Shotokuvirae,Cressdnaviricota,Repensiviricetes,Geplafuvirales,Genomoviridae,Unclassified Genomoviridae,Unclassified Genomoviridae,Genomoviridae sp.,Genomoviridae sp. isolate 6433_227
MT309890.1,Viruses,Monodnaviria,Shotokuvirae,Cressdnaviricota,Repensiviricetes,Geplafuvirales,Genomoviridae,Unclassified Genomoviridae,Unclassified Genomoviridae,Genomoviridae sp.,Genomoviridae sp. isolate 6433_57
MT309894.1,Viruses,Monodnaviria,Shotokuvirae,Cressdnaviricota,Repensiviricetes,Geplafuvirales,Genomoviridae,Unclassified Genomoviridae,Unclassified Genomoviridae,Genomoviridae sp.,Genomoviridae sp. isolate 6424_318
MT309895.1,Viruses,Monodnaviria,Shotokuvirae,Cressdnaviricota,Repensiviricetes,Geplafuvirales,Genomoviridae,Unclassified Genomoviridae,Unclassified Genomoviridae,Genomoviridae sp.,Genomoviridae sp. isolate 6424_312
MT309896.1,Viruses,Monodnaviria,Shotokuvirae,Cressdnaviricota,Repensiviricetes,Geplafuvirales,Genomoviridae,Unclassified Genomoviridae,Unclassified Genomoviridae,Genomoviridae sp.,Genomoviridae sp. isolate 6424_309
MT309899.1,Viruses,Monodnaviria,Shotokuvirae,Cressdnaviricota,Repensiviricetes,Geplafuvirales,Genomoviridae,Unclassified Genomoviridae,Unclassified Genomoviridae,Genomoviridae sp.,Genomoviridae sp. isolate 6402_233
MT309900.1,Viruses,Monodnaviria,Shotokuvirae,Cressdnaviricota,Repensiviricetes,Geplafuvirales,Genomoviridae,Unclassified Genomoviridae,Unclassified Genomoviridae,Genomoviridae sp.,Genomoviridae sp. isolate 6402_224
MT309902.1,Viruses,Monodnaviria,Shotokuvirae,Cressdnaviricota,Repensiviricetes,Geplafuvirales,Genomoviridae,Unclassified Genomoviridae,Unclassified Genomoviridae,Genomoviridae sp.,Genomoviridae sp. isolate 6402_220
MT309905.1,Viruses,Monodnaviria,Shotokuvirae,Cressdnaviricota,Repensiviricetes,Geplafuvirales,Genomoviridae,Unclassified Genomoviridae,Unclassified Genomoviridae,Genomoviridae sp.,Genomoviridae sp. isolate 6402_208
MT309911.1,Viruses,Monodnaviria,Shotokuvirae,Cressdnaviricota,Repensiviricetes,Geplafuvirales,Genomoviridae,Unclassified Genomoviridae,Unclassified Genomoviridae,Genomoviridae sp.,Genomoviridae sp. isolate 6402_160
MW182904.1,Viruses,Monodnaviria,Shotokuvirae,Cressdnaviricota,Repensiviricetes,Geplafuvirales,Genomoviridae,Unclassified Genomoviridae,Unclassified Genomoviridae,Emberiza chrysophrys Genomoviridae sp.,Emberiza chrysophrys Genomoviridae sp. isolate ybb150gen1
MW182905.1,Viruses,Monodnaviria,Shotokuvirae,Cressdnaviricota,Repensiviricetes,Geplafuvirales,Genomoviridae,Unclassified Genomoviridae,Unclassified Genomoviridae,Emberiza elegans Genomoviridae sp.,Emberiza elegans Genomoviridae sp. isolate ytb23gen35
MW182913.1,Viruses,Monodnaviria,Shotokuvirae,Cressdnaviricota,Repensiviricetes,Geplafuvirales,Genomoviridae,Unclassified Genomoviridae,Unclassified Genomoviridae,Emberiza rustica Genomoviridae sp.,Emberiza rustica Genomoviridae sp. isolate rbu21gen6
MW182926.1,Viruses,Monodnaviria,Shotokuvirae,Cressdnaviricota,Repensiviricetes,Geplafuvirales,Genomoviridae,Unclassified Genomoviridae,Unclassified Genomoviridae,Ficedula parva Genomoviridae sp.,Ficedula parva Genomoviridae sp. isolate fcc172gen1
MW182936.1,Viruses,Monodnaviria,Shotokuvirae,Cressdnaviricota,Repensiviricetes,Geplafuvirales,Genomoviridae,Unclassified Genomoviridae,Unclassified Genomoviridae,Fringilla montifringilla Genomoviridae sp.,Fringilla montifringilla Genomoviridae sp. isolate brb24gen2
MW182947.1,Viruses,Monodnaviria,Shotokuvirae,Cressdnaviricota,Repensiviricetes,Geplafuvirales,Genomoviridae,Unclassified Genomoviridae,Unclassified Genomoviridae,Lanius cristatus Genomoviridae sp.,Lanius cristatus Genomoviridae sp. isolate brs113gen1
MW182956.1,Viruses,Monodnaviria,Shotokuvirae,Cressdnaviricota,Repensiviricetes,Geplafuvirales,Genomoviridae,Unclassified Genomoviridae,Unclassified Genomoviridae,Pavo cristatus Genomoviridae sp.,Pavo cristatus Genomoviridae sp. isolate blp212gen1 
MW182969.1,Viruses,Monodnaviria,Shotokuvirae,Cressdnaviricota,Repensiviricetes,Geplafuvirales,Genomoviridae,Unclassified Genomoviridae,Unclassified Genomoviridae,Poecile palustris Genomoviridae sp.,Poecile palustris Genomoviridae sp. isolate tit162gen1
MW182975.1,Viruses,Monodnaviria,Shotokuvirae,Cressdnaviricota,Repensiviricetes,Geplafuvirales,Genomoviridae,Unclassified Genomoviridae,Unclassified Genomoviridae,Ramphastos Genomoviridae sp.,Ramphastos Genomoviridae sp. isolate tou79gen2
MW183027.1,Viruses,Monodnaviria,Shotokuvirae,Cressdnaviricota,Repensiviricetes,Geplafuvirales,Genomoviridae,Unclassified Genomoviridae,Unclassified Genomoviridae,Zosterops erythropleurus Genomoviridae sp.,Zosterops erythropleurus Genomoviridae sp. isolate cfe153gen5
MW183036.1,Viruses,Monodnaviria,Shotokuvirae,Cressdnaviricota,Repensiviricetes,Geplafuvirales,Genomoviridae,Unclassified Genomoviridae,Unclassified Genomoviridae,Cygnus columbianus Genomoviridae sp.,Cygnus columbianus Genomoviridae sp. isolate swn66gen3
MW183052.1,Viruses,Monodnaviria,Shotokuvirae,Cressdnaviricota,Repensiviricetes,Geplafuvirales,Genomoviridae,Unclassified Genomoviridae,Unclassified Genomoviridae,Phoenicurus auroreus Genomoviridae sp.,Phoenicurus auroreus Genomoviridae sp. isolate dar170gen5 
MW183054.1,Viruses,Monodnaviria,Shotokuvirae,Cressdnaviricota,Repensiviricetes,Geplafuvirales,Genomoviridae,Unclassified Genomoviridae,Unclassified Genomoviridae,Prunella montanella Genomoviridae sp.,Prunella montanella Genomoviridae sp. isolate bbr34gen9
MW562318.1,Viruses,Monodnaviria,Shotokuvirae,Cressdnaviricota,Repensiviricetes,Geplafuvirales,Genomoviridae,Unclassified Genomoviridae,Unclassified Genomoviridae,Delphin genomovirus 3,Delphin genomovirus 3 isolate 1_4gen
MT135252.1,Viruses,Monodnaviria,Shotokuvirae,Cressdnaviricota,Repensiviricetes,Geplafuvirales,Genomoviridae,Unclassified Genomoviridae,Gemycircularvirus,Gemycircularvirus sp.,Gemycircularvirus sp. isolate VIRES_YN01_2311203
MT135253.1,Viruses,Monodnaviria,Shotokuvirae,Cressdnaviricota,Repensiviricetes,Geplafuvirales,Genomoviridae,Unclassified Genomoviridae,Gemykibivirus,Gemykibivirus sp.,Gemykibivirus sp. isolate VIRES_AH01_2265034
MT044320.1,Viruses,Monodnaviria,Shotokuvirae,Cressdnaviricota,Repensiviricetes,Geplafuvirales,Genomoviridae,Unclassified Genomoviridae,Unclassified Genomoviridae,Marmot associated genomovirus 2,Marmot associated genomovirus 2 isolate MAR33_1_18
MT044321.1,Viruses,Monodnaviria,Shotokuvirae,Cressdnaviricota,Repensiviricetes,Geplafuvirales,Genomoviridae,Unclassified Genomoviridae,Unclassified Genomoviridae,Marmot associated genomovirus 2,Marmot associated genomovirus 2 isolate MAR32_1_18
MT044322.1,Viruses,Monodnaviria,Shotokuvirae,Cressdnaviricota,Repensiviricetes,Geplafuvirales,Genomoviridae,Unclassified Genomoviridae,Unclassified Genomoviridae,Marmot associated genomovirus 2,Marmot associated genomovirus 2 isolate MAR31_1_18
MT044326.1,Viruses,Monodnaviria,Shotokuvirae,Cressdnaviricota,Repensiviricetes,Geplafuvirales,Genomoviridae,Unclassified Genomoviridae,Unclassified Genomoviridae,Marmot associated genomovirus 3,Marmot associated genomovirus 3 isolate MAR1_1_911
MT350349.1,Viruses,Monodnaviria,Shotokuvirae,Cressdnaviricota,Repensiviricetes,Geplafuvirales,Genomoviridae,Unclassified Genomoviridae,Gemykibivirus,Chimpanzee gemykibivirus,
MT896429.1,Viruses,Monodnaviria,Shotokuvirae,Cressdnaviricota,Repensiviricetes,Geplafuvirales,Genomoviridae,Unclassified Genomoviridae,Gemycircularvirus,Myriapoda gemycircularvirus 1,Myriapoda gemycircularvirus 1 isolate AP2
MT553114.1,Viruses,Monodnaviria,Shotokuvirae,Cressdnaviricota,Repensiviricetes,Geplafuvirales,Genomoviridae,Unclassified Genomoviridae,Gemykrogvirus,Bubaline-associated gemykrogvirus,
MT671972.1,Viruses,Monodnaviria,Shotokuvirae,Cressdnaviricota,Repensiviricetes,Geplafuvirales,Genomoviridae,Unclassified Genomoviridae,Gemycircularvirus,Porcine associated gemycircularvirus 3,Porcine associated gemycircularvirus 3 isolate Genomo194P
MN954866.1,Viruses,Monodnaviria,Shotokuvirae,Cressdnaviricota,Repensiviricetes,Geplafuvirales,Genomoviridae,Unclassified Genomoviridae,Gemykolovirus,Tecoma stans associated gemykolovirus,Tecoma stans associated gemykolovirus isolate DF 259
MN954869.1,Viruses,Monodnaviria,Shotokuvirae,Cressdnaviricota,Repensiviricetes,Geplafuvirales,Genomoviridae,Unclassified Genomoviridae,Gemycircularvirus,Gila monster-associated gemycircularvirus 1,Gila monster-associated gemycircularvirus 1 isolate DF 71
MN823671.1,Viruses,Monodnaviria,Shotokuvirae,Cressdnaviricota,Repensiviricetes,Geplafuvirales,Genomoviridae,Unclassified Genomoviridae,Unclassified Genomoviridae,Zizania latifolia genomoviridae,Zizania latifolia genomoviridae strain pt081-gen-5
MN823673.1,Viruses,Monodnaviria,Shotokuvirae,Cressdnaviricota,Repensiviricetes,Geplafuvirales,Genomoviridae,Unclassified Genomoviridae,Unclassified Genomoviridae,Eucommia ulmoides genomoviridae,Eucommia ulmoides genomoviridae strain pt130-gen-7
MN823674.1,Viruses,Monodnaviria,Shotokuvirae,Cressdnaviricota,Repensiviricetes,Geplafuvirales,Genomoviridae,Unclassified Genomoviridae,Unclassified Genomoviridae,Eucommia ulmoides genomoviridae,Eucommia ulmoides genomoviridae strain pt130-gen-8
MN823675.1,Viruses,Monodnaviria,Shotokuvirae,Cressdnaviricota,Repensiviricetes,Geplafuvirales,Genomoviridae,Unclassified Genomoviridae,Unclassified Genomoviridae,Salvia plebeia genomoviridae,Salvia plebeia genomoviridae strain pt155-gen-9
MN823676.1,Viruses,Monodnaviria,Shotokuvirae,Cressdnaviricota,Repensiviricetes,Geplafuvirales,Genomoviridae,Unclassified Genomoviridae,Unclassified Genomoviridae,Artemisia carvifolia genomoviridae,Artemisia carvifolia genomoviridae strain pt159-gen-10
MN928914.1,Viruses,Monodnaviria,Shotokuvirae,Cressdnaviricota,Repensiviricetes,Geplafuvirales,Genomoviridae,Unclassified Genomoviridae,Unclassified Genomoviridae,Genomoviridae sp.,Genomoviridae sp. isolate cftwhg09cir3
MN379601.1,Viruses,Monodnaviria,Shotokuvirae,Cressdnaviricota,Repensiviricetes,Geplafuvirales,Genomoviridae,Unclassified Genomoviridae,Unclassified Genomoviridae,Chicken genomovirus mg2_75,
MN379603.1,Viruses,Monodnaviria,Shotokuvirae,Cressdnaviricota,Repensiviricetes,Geplafuvirales,Genomoviridae,Unclassified Genomoviridae,Unclassified Genomoviridae,Chicken genomovirus mg4_1107,
MN379610.1,Viruses,Monodnaviria,Shotokuvirae,Cressdnaviricota,Repensiviricetes,Geplafuvirales,Genomoviridae,Unclassified Genomoviridae,Unclassified Genomoviridae,Chicken genomovirus mg4_1259,
MN379614.1,Viruses,Monodnaviria,Shotokuvirae,Cressdnaviricota,Repensiviricetes,Geplafuvirales,Genomoviridae,Unclassified Genomoviridae,Unclassified Genomoviridae,Chicken genomovirus mg4_1259,
MN379616.1,Viruses,Monodnaviria,Shotokuvirae,Cressdnaviricota,Repensiviricetes,Geplafuvirales,Genomoviridae,Unclassified Genomoviridae,Unclassified Genomoviridae,Chicken genomovirus mg8_416,
MN379617.1,Viruses,Monodnaviria,Shotokuvirae,Cressdnaviricota,Repensiviricetes,Geplafuvirales,Genomoviridae,Unclassified Genomoviridae,Unclassified Genomoviridae,Chicken genomovirus mg2_274u,
MN708482.1,Viruses,Monodnaviria,Shotokuvirae,Cressdnaviricota,Repensiviricetes,Geplafuvirales,Genomoviridae,Unclassified Genomoviridae,Unclassified Genomoviridae,Citrus Tunisia genomovirus 1,Citrus Tunisia genomovirus 1b isolate CTGV/1b/TUN/2015
MN708483.1,Viruses,Monodnaviria,Shotokuvirae,Cressdnaviricota,Repensiviricetes,Geplafuvirales,Genomoviridae,Unclassified Genomoviridae,Unclassified Genomoviridae,Citrus Tunisia genomovirus 1,Citrus Tunisia genomovirus 1c isolate CTGV/1c/TUN/2015
MN708484.1,Viruses,Monodnaviria,Shotokuvirae,Cressdnaviricota,Repensiviricetes,Geplafuvirales,Genomoviridae,Unclassified Genomoviridae,Unclassified Genomoviridae,Citrus Tunisia genomovirus 1,Citrus Tunisia genomovirus 1a isolate CTGV/1a/TUN/2015
MN329805.1,Viruses,Monodnaviria,Shotokuvirae,Cressdnaviricota,Repensiviricetes,Geplafuvirales,Genomoviridae,Unclassified Genomoviridae,Gemykibivirus,Tadarida brasiliensis gemykibivirus 1,
MK947372.1,Viruses,Monodnaviria,Shotokuvirae,Cressdnaviricota,Repensiviricetes,Geplafuvirales,Genomoviridae,Unclassified Genomoviridae,Unclassified Genomoviridae,Plant associated genomovirus 25,Plant associated genomovirus 25 isolate EU1_SP897
MK513443.1,Viruses,Monodnaviria,Shotokuvirae,Cressdnaviricota,Repensiviricetes,Geplafuvirales,Genomoviridae,Unclassified Genomoviridae,Gemykibivirus,Human associated gemykibivirus 2,Human associated gemykibivirus 2 isolate 87B
MH939363.1,Viruses,Monodnaviria,Shotokuvirae,Cressdnaviricota,Repensiviricetes,Geplafuvirales,Genomoviridae,Unclassified Genomoviridae,Unclassified Genomoviridae,Plant associated genomovirus 2,Plant associated genomovirus 2 isolate 277_BA530
MH939364.1,Viruses,Monodnaviria,Shotokuvirae,Cressdnaviricota,Repensiviricetes,Geplafuvirales,Genomoviridae,Unclassified Genomoviridae,Unclassified Genomoviridae,Plant associated genomovirus 2,Plant associated genomovirus 2 isolate 277_BA548
MH939365.1,Viruses,Monodnaviria,Shotokuvirae,Cressdnaviricota,Repensiviricetes,Geplafuvirales,Genomoviridae,Unclassified Genomoviridae,Unclassified Genomoviridae,Plant associated genomovirus 2,Plant associated genomovirus 2 isolate 277_BA740
MH939366.1,Viruses,Monodnaviria,Shotokuvirae,Cressdnaviricota,Repensiviricetes,Geplafuvirales,Genomoviridae,Unclassified Genomoviridae,Unclassified Genomoviridae,Plant associated genomovirus 2,Plant associated genomovirus 2 isolate 277_BA743
MH939369.1,Viruses,Monodnaviria,Shotokuvirae,Cressdnaviricota,Repensiviricetes,Geplafuvirales,Genomoviridae,Unclassified Genomoviridae,Unclassified Genomoviridae,Plant associated genomovirus 6,Plant associated genomovirus 6 isolate 643_CAS_852
MH939370.1,Viruses,Monodnaviria,Shotokuvirae,Cressdnaviricota,Repensiviricetes,Geplafuvirales,Genomoviridae,Unclassified Genomoviridae,Unclassified Genomoviridae,Plant associated genomovirus 4,Plant associated genomovirus 4 isolate 929_OP4_567
MH939381.1,Viruses,Monodnaviria,Shotokuvirae,Cressdnaviricota,Repensiviricetes,Geplafuvirales,Genomoviridae,Unclassified Genomoviridae,Unclassified Genomoviridae,Plant associated genomovirus 8,Plant associated genomovirus 8 isolate A07_GP1
MH939382.1,Viruses,Monodnaviria,Shotokuvirae,Cressdnaviricota,Repensiviricetes,Geplafuvirales,Genomoviridae,Unclassified Genomoviridae,Unclassified Genomoviridae,Plant associated genomovirus 9,Plant associated genomovirus 9 isolate A97_GP1
MH939383.1,Viruses,Monodnaviria,Shotokuvirae,Cressdnaviricota,Repensiviricetes,Geplafuvirales,Genomoviridae,Unclassified Genomoviridae,Unclassified Genomoviridae,Plant associated genomovirus 9,Plant associated genomovirus 9 isolate A99_GP1
MH939384.1,Viruses,Monodnaviria,Shotokuvirae,Cressdnaviricota,Repensiviricetes,Geplafuvirales,Genomoviridae,Unclassified Genomoviridae,Unclassified Genomoviridae,Plant associated genomovirus 11,Plant associated genomovirus 11 isolate AH_131
MH939386.1,Viruses,Monodnaviria,Shotokuvirae,Cressdnaviricota,Repensiviricetes,Geplafuvirales,Genomoviridae,Unclassified Genomoviridae,Unclassified Genomoviridae,Plant associated genomovirus 10,Plant associated genomovirus 10 isolate AWT27
MH939387.1,Viruses,Monodnaviria,Shotokuvirae,Cressdnaviricota,Repensiviricetes,Geplafuvirales,Genomoviridae,Unclassified Genomoviridae,Unclassified Genomoviridae,Plant associated genomovirus 10,Plant associated genomovirus 10 isolate AWT127
MH939388.1,Viruses,Monodnaviria,Shotokuvirae,Cressdnaviricota,Repensiviricetes,Geplafuvirales,Genomoviridae,Unclassified Genomoviridae,Unclassified Genomoviridae,Plant associated genomovirus 10,Plant associated genomovirus 10 isolate AWT141
MH939389.1,Viruses,Monodnaviria,Shotokuvirae,Cressdnaviricota,Repensiviricetes,Geplafuvirales,Genomoviridae,Unclassified Genomoviridae,Unclassified Genomoviridae,Plant associated genomovirus 8,Plant associated genomovirus 8 isolate B07_GP1
MH939390.1,Viruses,Monodnaviria,Shotokuvirae,Cressdnaviricota,Repensiviricetes,Geplafuvirales,Genomoviridae,Unclassified Genomoviridae,Unclassified Genomoviridae,Plant associated genomovirus 9,Plant associated genomovirus 9 isolate B17_GP1
MH939391.1,Viruses,Monodnaviria,Shotokuvirae,Cressdnaviricota,Repensiviricetes,Geplafuvirales,Genomoviridae,Unclassified Genomoviridae,Unclassified Genomoviridae,Plant associated genomovirus 8,Plant associated genomovirus 8 isolate B68_GP1
MH939392.1,Viruses,Monodnaviria,Shotokuvirae,Cressdnaviricota,Repensiviricetes,Geplafuvirales,Genomoviridae,Unclassified Genomoviridae,Unclassified Genomoviridae,Plant associated genomovirus 9,Plant associated genomovirus 9 isolate B90_GP1
MH939393.1,Viruses,Monodnaviria,Shotokuvirae,Cressdnaviricota,Repensiviricetes,Geplafuvirales,Genomoviridae,Unclassified Genomoviridae,Unclassified Genomoviridae,Plant associated genomovirus 8,Plant associated genomovirus 8 isolate B96_GP1
MH939394.1,Viruses,Monodnaviria,Shotokuvirae,Cressdnaviricota,Repensiviricetes,Geplafuvirales,Genomoviridae,Unclassified Genomoviridae,Unclassified Genomoviridae,Plant associated genomovirus 9,Plant associated genomovirus 9 isolate B98_GP1
MH939395.1,Viruses,Monodnaviria,Shotokuvirae,Cressdnaviricota,Repensiviricetes,Geplafuvirales,Genomoviridae,Unclassified Genomoviridae,Unclassified Genomoviridae,Plant associated genomovirus 8,Plant associated genomovirus 8 isolate C88_GP1
MH939397.1,Viruses,Monodnaviria,Shotokuvirae,Cressdnaviricota,Repensiviricetes,Geplafuvirales,Genomoviridae,Unclassified Genomoviridae,Unclassified Genomoviridae,Plant associated genomovirus 17,Plant associated genomovirus 17 isolate D90_GP5
MH939398.1,Viruses,Monodnaviria,Shotokuvirae,Cressdnaviricota,Repensiviricetes,Geplafuvirales,Genomoviridae,Unclassified Genomoviridae,Unclassified Genomoviridae,Plant associated genomovirus 9,Plant associated genomovirus 9 isolate D98_GP1
MH939399.1,Viruses,Monodnaviria,Shotokuvirae,Cressdnaviricota,Repensiviricetes,Geplafuvirales,Genomoviridae,Unclassified Genomoviridae,Unclassified Genomoviridae,Plant associated genomovirus 8,Plant associated genomovirus 8 isolate D100_GP1
MH939400.1,Viruses,Monodnaviria,Shotokuvirae,Cressdnaviricota,Repensiviricetes,Geplafuvirales,Genomoviridae,Unclassified Genomoviridae,Unclassified Genomoviridae,Plant associated genomovirus 8,Plant associated genomovirus 8 isolate E80_GP1
MH939401.1,Viruses,Monodnaviria,Shotokuvirae,Cressdnaviricota,Repensiviricetes,Geplafuvirales,Genomoviridae,Unclassified Genomoviridae,Unclassified Genomoviridae,Plant associated genomovirus 9,Plant associated genomovirus 9 isolate E87_GP1
MH939402.1,Viruses,Monodnaviria,Shotokuvirae,Cressdnaviricota,Repensiviricetes,Geplafuvirales,Genomoviridae,Unclassified Genomoviridae,Unclassified Genomoviridae,Plant associated genomovirus 9,Plant associated genomovirus 9 isolate E98_GP1
MH939403.1,Viruses,Monodnaviria,Shotokuvirae,Cressdnaviricota,Repensiviricetes,Geplafuvirales,Genomoviridae,Unclassified Genomoviridae,Unclassified Genomoviridae,Plant associated genomovirus 8,Plant associated genomovirus 8 isolate E101_GP1
MH939404.1,Viruses,Monodnaviria,Shotokuvirae,Cressdnaviricota,Repensiviricetes,Geplafuvirales,Genomoviridae,Unclassified Genomoviridae,Unclassified Genomoviridae,Plant associated genomovirus 8,Plant associated genomovirus 8 isolate F28_GP1
MH939405.1,Viruses,Monodnaviria,Shotokuvirae,Cressdnaviricota,Repensiviricetes,Geplafuvirales,Genomoviridae,Unclassified Genomoviridae,Unclassified Genomoviridae,Plant associated genomovirus 8,Plant associated genomovirus 8 isolate F37_GP1
MH939406.1,Viruses,Monodnaviria,Shotokuvirae,Cressdnaviricota,Repensiviricetes,Geplafuvirales,Genomoviridae,Unclassified Genomoviridae,Unclassified Genomoviridae,Plant associated genomovirus 9,Plant associated genomovirus 9 isolate F99_GP1
MH939407.1,Viruses,Monodnaviria,Shotokuvirae,Cressdnaviricota,Repensiviricetes,Geplafuvirales,Genomoviridae,Unclassified Genomoviridae,Unclassified Genomoviridae,Plant associated genomovirus 9,Plant associated genomovirus 9 isolate G86_GP1
MH939408.1,Viruses,Monodnaviria,Shotokuvirae,Cressdnaviricota,Repensiviricetes,Geplafuvirales,Genomoviridae,Unclassified Genomoviridae,Unclassified Genomoviridae,Plant associated genomovirus 9,Plant associated genomovirus 9 isolate G97_GP1
MH939409.1,Viruses,Monodnaviria,Shotokuvirae,Cressdnaviricota,Repensiviricetes,Geplafuvirales,Genomoviridae,Unclassified Genomoviridae,Unclassified Genomoviridae,Plant associated genomovirus 9,Plant associated genomovirus 9 isolate G99_GP1
MH939411.1,Viruses,Monodnaviria,Shotokuvirae,Cressdnaviricota,Repensiviricetes,Geplafuvirales,Genomoviridae,Unclassified Genomoviridae,Unclassified Genomoviridae,Plant associated genomovirus 2,Plant associated genomovirus 2 isolate GnOP3_924_760
MH939412.1,Viruses,Monodnaviria,Shotokuvirae,Cressdnaviricota,Repensiviricetes,Geplafuvirales,Genomoviridae,Unclassified Genomoviridae,Unclassified Genomoviridae,Plant associated genomovirus 2,Plant associated genomovirus 2 isolate GnOP3_924_761
MH939413.1,Viruses,Monodnaviria,Shotokuvirae,Cressdnaviricota,Repensiviricetes,Geplafuvirales,Genomoviridae,Unclassified Genomoviridae,Unclassified Genomoviridae,Plant associated genomovirus 2,Plant associated genomovirus 2 isolate GnOP3_924_768
MH939414.1,Viruses,Monodnaviria,Shotokuvirae,Cressdnaviricota,Repensiviricetes,Geplafuvirales,Genomoviridae,Unclassified Genomoviridae,Unclassified Genomoviridae,Plant associated genomovirus 2,Plant associated genomovirus 2 isolate GnOP3_924_783
MH939415.1,Viruses,Monodnaviria,Shotokuvirae,Cressdnaviricota,Repensiviricetes,Geplafuvirales,Genomoviridae,Unclassified Genomoviridae,Unclassified Genomoviridae,Plant associated genomovirus 2,Plant associated genomovirus 2 isolate GnOP3_BA759
MH939416.1,Viruses,Monodnaviria,Shotokuvirae,Cressdnaviricota,Repensiviricetes,Geplafuvirales,Genomoviridae,Unclassified Genomoviridae,Unclassified Genomoviridae,Plant associated genomovirus 2,Plant associated genomovirus 2 isolate GnOP3_BA764
MH939428.1,Viruses,Monodnaviria,Shotokuvirae,Cressdnaviricota,Repensiviricetes,Geplafuvirales,Genomoviridae,Unclassified Genomoviridae,Unclassified Genomoviridae,Plant associated genomovirus 9,Plant associated genomovirus 9 isolate QS3_GP1
MH939429.1,Viruses,Monodnaviria,Shotokuvirae,Cressdnaviricota,Repensiviricetes,Geplafuvirales,Genomoviridae,Unclassified Genomoviridae,Unclassified Genomoviridae,Plant associated genomovirus 9,Plant associated genomovirus 9 isolate QS4_GP1
MH939430.1,Viruses,Monodnaviria,Shotokuvirae,Cressdnaviricota,Repensiviricetes,Geplafuvirales,Genomoviridae,Unclassified Genomoviridae,Unclassified Genomoviridae,Plant associated genomovirus 9,Plant associated genomovirus 9 isolate QS5_F24
MH939433.1,Viruses,Monodnaviria,Shotokuvirae,Cressdnaviricota,Repensiviricetes,Geplafuvirales,Genomoviridae,Unclassified Genomoviridae,Unclassified Genomoviridae,Plant associated genomovirus 8,Plant associated genomovirus 8 isolate QS21_GP1
MH939437.1,Viruses,Monodnaviria,Shotokuvirae,Cressdnaviricota,Repensiviricetes,Geplafuvirales,Genomoviridae,Unclassified Genomoviridae,Unclassified Genomoviridae,Plant associated genomovirus 9,Plant associated genomovirus 9 isolate QS32_GP1
MH939441.1,Viruses,Monodnaviria,Shotokuvirae,Cressdnaviricota,Repensiviricetes,Geplafuvirales,Genomoviridae,Unclassified Genomoviridae,Unclassified Genomoviridae,Plant associated genomovirus 8,Plant associated genomovirus 8 isolate QS45_GP1
MH939443.1,Viruses,Monodnaviria,Shotokuvirae,Cressdnaviricota,Repensiviricetes,Geplafuvirales,Genomoviridae,Unclassified Genomoviridae,Unclassified Genomoviridae,Plant associated genomovirus 8,Plant associated genomovirus 8 isolate QS52_GP2
MH939453.1,Viruses,Monodnaviria,Shotokuvirae,Cressdnaviricota,Repensiviricetes,Geplafuvirales,Genomoviridae,Unclassified Genomoviridae,Unclassified Genomoviridae,Plant associated genomovirus 6,Plant associated genomovirus 6 isolate QS71_F28
MK032702.1,Viruses,Monodnaviria,Shotokuvirae,Cressdnaviricota,Repensiviricetes,Geplafuvirales,Genomoviridae,Unclassified Genomoviridae,Unclassified Genomoviridae,Genomoviridae sp.,Genomoviridae sp. isolate ctbh39
MK032706.1,Viruses,Monodnaviria,Shotokuvirae,Cressdnaviricota,Repensiviricetes,Geplafuvirales,Genomoviridae,Unclassified Genomoviridae,Unclassified Genomoviridae,Genomoviridae sp.,Genomoviridae sp. isolate ctbd374
MK032711.1,Viruses,Monodnaviria,Shotokuvirae,Cressdnaviricota,Repensiviricetes,Geplafuvirales,Genomoviridae,Unclassified Genomoviridae,Unclassified Genomoviridae,Genomoviridae sp.,Genomoviridae sp. isolate ctca367
MK032719.1,Viruses,Monodnaviria,Shotokuvirae,Cressdnaviricota,Repensiviricetes,Geplafuvirales,Genomoviridae,Unclassified Genomoviridae,Unclassified Genomoviridae,Genomoviridae sp.,Genomoviridae sp. isolate ctda73
MK032726.1,Viruses,Monodnaviria,Shotokuvirae,Cressdnaviricota,Repensiviricetes,Geplafuvirales,Genomoviridae,Unclassified Genomoviridae,Unclassified Genomoviridae,Genomoviridae sp.,Genomoviridae sp. isolate ctdb242
MK032734.1,Viruses,Monodnaviria,Shotokuvirae,Cressdnaviricota,Repensiviricetes,Geplafuvirales,Genomoviridae,Unclassified Genomoviridae,Unclassified Genomoviridae,Genomoviridae sp.,Genomoviridae sp. isolate ctcc79
MK032737.1,Viruses,Monodnaviria,Shotokuvirae,Cressdnaviricota,Repensiviricetes,Geplafuvirales,Genomoviridae,Unclassified Genomoviridae,Unclassified Genomoviridae,Genomoviridae sp.,Genomoviridae sp. isolate ctjg823
MK032738.1,Viruses,Monodnaviria,Shotokuvirae,Cressdnaviricota,Repensiviricetes,Geplafuvirales,Genomoviridae,Unclassified Genomoviridae,Unclassified Genomoviridae,Genomoviridae sp.,Genomoviridae sp. isolate ctdb80
MK032739.1,Viruses,Monodnaviria,Shotokuvirae,Cressdnaviricota,Repensiviricetes,Geplafuvirales,Genomoviridae,Unclassified Genomoviridae,Unclassified Genomoviridae,Genomoviridae sp.,Genomoviridae sp. isolate ctbi78
MK032740.1,Viruses,Monodnaviria,Shotokuvirae,Cressdnaviricota,Repensiviricetes,Geplafuvirales,Genomoviridae,Unclassified Genomoviridae,Unclassified Genomoviridae,Genomoviridae sp.,Genomoviridae sp. isolate ctcj747
MK032750.1,Viruses,Monodnaviria,Shotokuvirae,Cressdnaviricota,Repensiviricetes,Geplafuvirales,Genomoviridae,Unclassified Genomoviridae,Unclassified Genomoviridae,Genomoviridae sp.,Genomoviridae sp. isolate ctcf77
MH427642.1,Viruses,Monodnaviria,Shotokuvirae,Cressdnaviricota,Repensiviricetes,Geplafuvirales,Genomoviridae,Unclassified Genomoviridae,Gemycircularvirus,Gemycircularvirus CN-GZ1,
MK483073.1,Viruses,Monodnaviria,Shotokuvirae,Cressdnaviricota,Repensiviricetes,Geplafuvirales,Genomoviridae,Unclassified Genomoviridae,Unclassified Genomoviridae,Capybara genomovirus 2,Capybara genomovirus 2 isolate cap1_52
MK483074.1,Viruses,Monodnaviria,Shotokuvirae,Cressdnaviricota,Repensiviricetes,Geplafuvirales,Genomoviridae,Unclassified Genomoviridae,Unclassified Genomoviridae,Capybara genomovirus 2,Capybara genomovirus 2 isolate cap1_64
MK483075.1,Viruses,Monodnaviria,Shotokuvirae,Cressdnaviricota,Repensiviricetes,Geplafuvirales,Genomoviridae,Unclassified Genomoviridae,Unclassified Genomoviridae,Capybara genomovirus 3,Capybara genomovirus 3 isolate cap1_53
MK483077.1,Viruses,Monodnaviria,Shotokuvirae,Cressdnaviricota,Repensiviricetes,Geplafuvirales,Genomoviridae,Unclassified Genomoviridae,Unclassified Genomoviridae,Capybara genomovirus 5,Capybara genomovirus 5 isolate cap1_2730
MK483082.1,Viruses,Monodnaviria,Shotokuvirae,Cressdnaviricota,Repensiviricetes,Geplafuvirales,Genomoviridae,Unclassified Genomoviridae,Unclassified Genomoviridae,Capybara genomovirus 10,Capybara genomovirus 10 isolate cap1_694
MK483084.1,Viruses,Monodnaviria,Shotokuvirae,Cressdnaviricota,Repensiviricetes,Geplafuvirales,Genomoviridae,Unclassified Genomoviridae,Unclassified Genomoviridae,Capybara genomovirus 12,Capybara genomovirus 12 isolate cap1_1725
MK570204.1,Viruses,Monodnaviria,Shotokuvirae,Cressdnaviricota,Repensiviricetes,Geplafuvirales,Genomoviridae,Unclassified Genomoviridae,Unclassified Genomoviridae,Tortoise genomovirus 4,Tortoise genomovirus 4 isolate Tor12_112
MK570212.1,Viruses,Monodnaviria,Shotokuvirae,Cressdnaviricota,Repensiviricetes,Geplafuvirales,Genomoviridae,Unclassified Genomoviridae,Unclassified Genomoviridae,Tortoise genomovirus 12,Tortoise genomovirus 12 isolate Tor_129
MK570218.1,Viruses,Monodnaviria,Shotokuvirae,Cressdnaviricota,Repensiviricetes,Geplafuvirales,Genomoviridae,Unclassified Genomoviridae,Unclassified Genomoviridae,Tortoise genomovirus 18,Tortoise genomovirus 18 isolate Tor_SP_119
MK570223.1,Viruses,Monodnaviria,Shotokuvirae,Cressdnaviricota,Repensiviricetes,Geplafuvirales,Genomoviridae,Unclassified Genomoviridae,Unclassified Genomoviridae,Tortoise genomovirus 23,Tortoise genomovirus 23 isolate TorV5_SP_57
MK249238.1,Viruses,Monodnaviria,Shotokuvirae,Cressdnaviricota,Repensiviricetes,Geplafuvirales,Genomoviridae,Unclassified Genomoviridae,Unclassified Genomoviridae,Finch associated genomovirus 7,Finch associated genomovirus 7 isolate A2N_A
MK249242.1,Viruses,Monodnaviria,Shotokuvirae,Cressdnaviricota,Repensiviricetes,Geplafuvirales,Genomoviridae,Unclassified Genomoviridae,Unclassified Genomoviridae,Finch associated genomovirus 6,Finch associated genomovirus 6 isolate A3N_A
MK249245.1,Viruses,Monodnaviria,Shotokuvirae,Cressdnaviricota,Repensiviricetes,Geplafuvirales,Genomoviridae,Unclassified Genomoviridae,Unclassified Genomoviridae,Finch associated genomovirus 8,Finch associated genomovirus 8 isolate A3N_A
MK249254.1,Viruses,Monodnaviria,Shotokuvirae,Cressdnaviricota,Repensiviricetes,Geplafuvirales,Genomoviridae,Unclassified Genomoviridae,Unclassified Genomoviridae,Finch associated genomovirus 9,Finch associated genomovirus 9 isolate A4P_A
MK249261.1,Viruses,Monodnaviria,Shotokuvirae,Cressdnaviricota,Repensiviricetes,Geplafuvirales,Genomoviridae,Unclassified Genomoviridae,Unclassified Genomoviridae,Finch associated genomovirus 8,Finch associated genomovirus 8 isolate E20N_A
MK249273.1,Viruses,Monodnaviria,Shotokuvirae,Cressdnaviricota,Repensiviricetes,Geplafuvirales,Genomoviridae,Unclassified Genomoviridae,Unclassified Genomoviridae,Finch associated genomovirus 6,Finch associated genomovirus 6 isolate E45N_A
MK249289.1,Viruses,Monodnaviria,Shotokuvirae,Cressdnaviricota,Repensiviricetes,Geplafuvirales,Genomoviridae,Unclassified Genomoviridae,Unclassified Genomoviridae,Finch associated genomovirus 7,Finch associated genomovirus 7 isolate E50N_A
MK050014.1,Viruses,Monodnaviria,Shotokuvirae,Cressdnaviricota,Repensiviricetes,Geplafuvirales,Genomoviridae,Unclassified Genomoviridae,Gemycircularvirus,Bat gemycircularvirus,Bat Gemycircularvirus isolate DXHL6
MK293717.1,Viruses,Monodnaviria,Shotokuvirae,Cressdnaviricota,Repensiviricetes,Geplafuvirales,Genomoviridae,Unclassified Genomoviridae,Gemycircularvirus,Gemycircularvirus sp.,Gemycircularvirus sp. strain RN/Haikou/China
MK012443.1,Viruses,Monodnaviria,Shotokuvirae,Cressdnaviricota,Repensiviricetes,Geplafuvirales,Genomoviridae,Unclassified Genomoviridae,Unclassified Genomoviridae,Genomoviridae sp.,Genomoviridae sp. isolate cthd64
MH734235.1,Viruses,Monodnaviria,Shotokuvirae,Cressdnaviricota,Repensiviricetes,Geplafuvirales,Genomoviridae,Unclassified Genomoviridae,Gemykibivirus,Human associated gemykibivirus 2,Human associated gemykibivirus 2 strain LV-dog/Paraiba/Brazil
MH545497.1,Viruses,Monodnaviria,Shotokuvirae,Cressdnaviricota,Repensiviricetes,Geplafuvirales,Genomoviridae,Unclassified Genomoviridae,Unclassified Genomoviridae,Bark beetle associated circular virus 1,Bark beetle associated circular virus 1 isolate FL_I0171_C9-C11
MH545498.1,Viruses,Monodnaviria,Shotokuvirae,Cressdnaviricota,Repensiviricetes,Geplafuvirales,Genomoviridae,Unclassified Genomoviridae,Unclassified Genomoviridae,Fly associated circular virus 2,Fly associated circular virus 2 isolate Barts_I1077B_G7
MH545499.1,Viruses,Monodnaviria,Shotokuvirae,Cressdnaviricota,Repensiviricetes,Geplafuvirales,Genomoviridae,Unclassified Genomoviridae,Unclassified Genomoviridae,Grasshopper associated circular virus 1,Grasshopper associated circular virus 1 isolate FL_SDBVL
MG846357.1,Viruses,Monodnaviria,Shotokuvirae,Cressdnaviricota,Repensiviricetes,Geplafuvirales,Genomoviridae,Unclassified Genomoviridae,Gemycircularvirus,Chicken stool-associated gemycircularvirus,Chicken stool-associated gemycircularvirus strain RS/BR/2015/5S
MH378453.1,Viruses,Monodnaviria,Shotokuvirae,Cressdnaviricota,Repensiviricetes,Geplafuvirales,Genomoviridae,Unclassified Genomoviridae,Gemycircularvirus,Gila monster-associated gemycircularvirus,Gila monster-associated gemycircularvirus isolate gila_283
KY302866.1,Viruses,Monodnaviria,Shotokuvirae,Cressdnaviricota,Repensiviricetes,Geplafuvirales,Genomoviridae,Unclassified Genomoviridae,Gemycircularvirus,Gemycircularvirus sp.,Gemycircularvirus sp. strain BS50/Hun/2013
KY302867.1,Viruses,Monodnaviria,Shotokuvirae,Cressdnaviricota,Repensiviricetes,Geplafuvirales,Genomoviridae,Unclassified Genomoviridae,Gemycircularvirus,Gemycircularvirus sp.,Gemycircularvirus sp. strain M64g/Hun/2013
MF416387.1,Viruses,Monodnaviria,Shotokuvirae,Cressdnaviricota,Repensiviricetes,Geplafuvirales,Genomoviridae,Unclassified Genomoviridae,Gemycircularvirus,Murine feces-associated gemycircularvirus 1,Murine feces-associated gemycircularvirus 1 isolate MFAGCV1/NYC/Queens/poolP7
MF416388.1,Viruses,Monodnaviria,Shotokuvirae,Cressdnaviricota,Repensiviricetes,Geplafuvirales,Genomoviridae,Unclassified Genomoviridae,Gemycircularvirus,Murine feces-associated gemycircularvirus 2,Murine feces-associated gemycircularvirus 2 isolate MFAGCV2/NYC/Manhattan/poolF3
MG571087.1,Viruses,Monodnaviria,Shotokuvirae,Cressdnaviricota,Repensiviricetes,Geplafuvirales,Genomoviridae,Unclassified Genomoviridae,Unclassified Genomoviridae,Varroa mite associated genomovirus 1,Varroa mite associated genomovirus 1 isolate VPVL_36
MF173065.1,Viruses,Monodnaviria,Shotokuvirae,Cressdnaviricota,Repensiviricetes,Geplafuvirales,Genomoviridae,Unclassified Genomoviridae,Unclassified Genomoviridae,Tick-associated genomovirus 1,Tick-associated genomovirus 1 isolate tick24_7
MF173066.1,Viruses,Monodnaviria,Shotokuvirae,Cressdnaviricota,Repensiviricetes,Geplafuvirales,Genomoviridae,Unclassified Genomoviridae,Unclassified Genomoviridae,Tick-associated genomovirus 2,Tick-associated genomovirus 2 isolate tick24_130
MF173067.1,Viruses,Monodnaviria,Shotokuvirae,Cressdnaviricota,Repensiviricetes,Geplafuvirales,Genomoviridae,Unclassified Genomoviridae,Unclassified Genomoviridae,Tick-associated genomovirus 3,Tick-associated genomovirus 3 isolate tick25_VL-10
KY214433.1,Viruses,Monodnaviria,Shotokuvirae,Cressdnaviricota,Repensiviricetes,Geplafuvirales,Genomoviridae,Unclassified Genomoviridae,Gemycircularvirus,Porcine feces-associated gemycircularvirus,Porcine feces-associated gemycircularvirus isolate BEL/15V010
KY214443.1,Viruses,Monodnaviria,Shotokuvirae,Cressdnaviricota,Repensiviricetes,Geplafuvirales,Genomoviridae,Unclassified Genomoviridae,Gemycircularvirus,Lupine feces-associated gemycircularvirus 1,Lupine feces-associated gemycircularvirus 1 isolate South Douro
MF327565.1,Viruses,Monodnaviria,Shotokuvirae,Cressdnaviricota,Repensiviricetes,Geplafuvirales,Genomoviridae,Unclassified Genomoviridae,Gemycircularvirus,Giant panda associated gemycircularvirus,Giant panda associated gemycircularvirus strain gpge008
MF327569.1,Viruses,Monodnaviria,Shotokuvirae,Cressdnaviricota,Repensiviricetes,Geplafuvirales,Genomoviridae,Unclassified Genomoviridae,Gemycircularvirus,Giant panda associated gemycircularvirus,Giant panda associated gemycircularvirus strain gpge012
MF327570.1,Viruses,Monodnaviria,Shotokuvirae,Cressdnaviricota,Repensiviricetes,Geplafuvirales,Genomoviridae,Unclassified Genomoviridae,Gemycircularvirus,Giant panda associated gemycircularvirus,Giant panda associated gemycircularvirus strain gpge013
MF327572.1,Viruses,Monodnaviria,Shotokuvirae,Cressdnaviricota,Repensiviricetes,Geplafuvirales,Genomoviridae,Unclassified Genomoviridae,Gemycircularvirus,Giant panda associated gemycircularvirus,Giant panda associated gemycircularvirus strain gpge015
KY230613.1,Viruses,Monodnaviria,Shotokuvirae,Cressdnaviricota,Repensiviricetes,Geplafuvirales,Genomoviridae,Unclassified Genomoviridae,Unclassified Genomoviridae,Bemisia-associated genomovirus AdDF,
KY230625.1,Viruses,Monodnaviria,Shotokuvirae,Cressdnaviricota,Repensiviricetes,Geplafuvirales,Genomoviridae,Unclassified Genomoviridae,Unclassified Genomoviridae,Bemisia-associated genomovirus NfO,
KY308269.1,Viruses,Monodnaviria,Shotokuvirae,Cressdnaviricota,Repensiviricetes,Geplafuvirales,Genomoviridae,Unclassified Genomoviridae,Unclassified Genomoviridae,Thrips-associated genomovirus 3,Thrips-associated genomovirus 3 isolate thrp_197938
KY056250.1,Viruses,Monodnaviria,Shotokuvirae,Cressdnaviricota,Repensiviricetes,Geplafuvirales,Genomoviridae,Unclassified Genomoviridae,Gemycircularvirus,Chicken stool-associated gemycircularvirus,Chicken stool-associated gemycircularvirus strain RS/BR/2015
KX434768.1,Viruses,Monodnaviria,Shotokuvirae,Cressdnaviricota,Repensiviricetes,Geplafuvirales,Genomoviridae,Unclassified Genomoviridae,Gemycircularvirus,Common bean-associated gemycircularvirus,Common bean-associated gemycircularvirus isolate 53_2
KX434769.1,Viruses,Monodnaviria,Shotokuvirae,Cressdnaviricota,Repensiviricetes,Geplafuvirales,Genomoviridae,Unclassified Genomoviridae,Gemycircularvirus,Common bean-associated gemycircularvirus,Common bean-associated gemycircularvirus isolate 72_1
KX434770.1,Viruses,Monodnaviria,Shotokuvirae,Cressdnaviricota,Repensiviricetes,Geplafuvirales,Genomoviridae,Unclassified Genomoviridae,Gemycircularvirus,Common bean-associated gemycircularvirus,Common bean-associated gemycircularvirus isolate 74_2
KT862249.1,Viruses,Monodnaviria,Shotokuvirae,Cressdnaviricota,Repensiviricetes,Geplafuvirales,Genomoviridae,Unclassified Genomoviridae,Gemycircularvirus,Sheep associated gemycircularvirus 1,Faeces associated gemycircularvirus 16 isolate 47_Fec80064_sheep
KT862251.1,Viruses,Monodnaviria,Shotokuvirae,Cressdnaviricota,Repensiviricetes,Geplafuvirales,Genomoviridae,Unclassified Genomoviridae,Gemycircularvirus,Sheep associated gemycircularvirus 1,Faeces associated gemycircularvirus 16 isolate 51_Fec80064_sheep
KT862254.1,Viruses,Monodnaviria,Shotokuvirae,Cressdnaviricota,Repensiviricetes,Geplafuvirales,Genomoviridae,Unclassified Genomoviridae,Gemygorvirus,Canine associated gemygorvirus 1,Faeces associated gemycircularvirus 15 isolate 53_Fec7_dog
KT732790.1,Viruses,Monodnaviria,Shotokuvirae,Cressdnaviricota,Repensiviricetes,Geplafuvirales,Genomoviridae,Unclassified Genomoviridae,Gemygorvirus,Pteropus associated gemygorvirus 1,Pacific flying fox faeces associated gemycircularvirus-1 isolate Tbat_A_103952
KT732791.1,Viruses,Monodnaviria,Shotokuvirae,Cressdnaviricota,Repensiviricetes,Geplafuvirales,Genomoviridae,Unclassified Genomoviridae,Gemygorvirus,Pteropus associated gemygorvirus 1,Pacific flying fox faeces associated gemycircularvirus-1 isolate Tbat_H_103952
KT732803.1,Viruses,Monodnaviria,Shotokuvirae,Cressdnaviricota,Repensiviricetes,Geplafuvirales,Genomoviridae,Unclassified Genomoviridae,Gemygorvirus,Pteropus associated gemycircularvirus 6,Pteropus associated gemycircularvirus 6 isolate Tbat_103951
KT732805.1,Viruses,Monodnaviria,Shotokuvirae,Cressdnaviricota,Repensiviricetes,Geplafuvirales,Genomoviridae,Unclassified Genomoviridae,Gemygorvirus,Pteropus associated gemycircularvirus 1,Pacific flying fox faeces associated gemycircularvirus-10 isolate Tbat_47364
KT732806.1,Viruses,Monodnaviria,Shotokuvirae,Cressdnaviricota,Repensiviricetes,Geplafuvirales,Genomoviridae,Unclassified Genomoviridae,Gemygorvirus,Pteropus associated gemycircularvirus 8,Pteropus associated gemycircularvirus 8 isolate Tbat_31579
KT732807.1,Viruses,Monodnaviria,Shotokuvirae,Cressdnaviricota,Repensiviricetes,Geplafuvirales,Genomoviridae,Unclassified Genomoviridae,Gemygorvirus,Pteropus associated gemycircularvirus 7,Pteropus associated gemycircularvirus 7 isolate Tbat_A_103746
KT732813.1,Viruses,Monodnaviria,Shotokuvirae,Cressdnaviricota,Repensiviricetes,Geplafuvirales,Genomoviridae,Unclassified Genomoviridae,Gemykibivirus,Pteropus associated gemykibivirus 1,Pacific flying fox faeces associated gemycircularvirus-12 isolate Tbat_A_64418
KP974694.1,Viruses,Monodnaviria,Shotokuvirae,Cressdnaviricota,Repensiviricetes,Geplafuvirales,Genomoviridae,Unclassified Genomoviridae,Gemykibivirus,Human associated gemykibivirus 1,Human associated gemykibivirus 1 isolate DB2
KR912221.1,Viruses,Monodnaviria,Shotokuvirae,Cressdnaviricota,Repensiviricetes,Geplafuvirales,Genomoviridae,Unclassified Genomoviridae,Gemycircularvirus,Rat associated gemycircularvirus 1,Gemycircularvirus gemy-ch-rat1
KP133075.1,Viruses,Monodnaviria,Shotokuvirae,Cressdnaviricota,Repensiviricetes,Geplafuvirales,Genomoviridae,Unclassified Genomoviridae,Gemykibivirus,Human associated gemykibivirus 2,Gemycircularvirus SL1
KP133076.1,Viruses,Monodnaviria,Shotokuvirae,Cressdnaviricota,Repensiviricetes,Geplafuvirales,Genomoviridae,Unclassified Genomoviridae,Gemykibivirus,Human associated gemykibivirus 2,Gemycircularvirus SL2
KP133077.1,Viruses,Monodnaviria,Shotokuvirae,Cressdnaviricota,Repensiviricetes,Geplafuvirales,Genomoviridae,Unclassified Genomoviridae,Gemykibivirus,Human associated gemykibivirus 2,Gemycircularvirus SL3
KP133078.1,Viruses,Monodnaviria,Shotokuvirae,Cressdnaviricota,Repensiviricetes,Geplafuvirales,Genomoviridae,Unclassified Genomoviridae,Gemykibivirus,Human associated gemykibivirus 2,Gemycircularvirus BZ1
KP133079.1,Viruses,Monodnaviria,Shotokuvirae,Cressdnaviricota,Repensiviricetes,Geplafuvirales,Genomoviridae,Unclassified Genomoviridae,Gemykibivirus,Human associated gemykibivirus 2,Gemycircularvirus BZ2
KP133080.1,Viruses,Monodnaviria,Shotokuvirae,Cressdnaviricota,Repensiviricetes,Geplafuvirales,Genomoviridae,Unclassified Genomoviridae,Gemykibivirus,Human associated gemykibivirus 2,Gemycircularvirus NP
KJ641737.1,Viruses,Monodnaviria,Shotokuvirae,Cressdnaviricota,Repensiviricetes,Geplafuvirales,Genomoviridae,Unclassified Genomoviridae,Gemykibivirus,Rhinolophus associated gemykibivirus 1,Rhinolophus associated gemykibivirus 1 isolate BtRh-CV-6/Tibet2013
KJ938717.1,Viruses,Monodnaviria,Shotokuvirae,Cressdnaviricota,Repensiviricetes,Geplafuvirales,Genomoviridae,Unclassified Genomoviridae,Gemykrogvirus,Caribou associated gemykrogvirus 1,Caribou feces-associated gemycircularvirus
LK931484.1,Viruses,Monodnaviria,Shotokuvirae,Cressdnaviricota,Repensiviricetes,Geplafuvirales,Genomoviridae,Unclassified Genomoviridae,Gemykrogvirus,Bovine associated gemykrogvirus 1,HCBI9.212 virus 
KF371637.1,Viruses,Monodnaviria,Shotokuvirae,Cressdnaviricota,Repensiviricetes,Geplafuvirales,Genomoviridae,Unclassified Genomoviridae,Gemycircularvirus,Gerygone associated gemycircularvirus 2,Faecal-associated gemycircularvirus 5
KF413620.1,Viruses,Monodnaviria,Shotokuvirae,Cressdnaviricota,Repensiviricetes,Geplafuvirales,Genomoviridae,Unclassified Genomoviridae,Gemycircularvirus,Hypericum associated gemycircularvirus 1,Hypericum japonicum associated circular DNA virus isolate VNHJ1W
JX185430.1,Viruses,Monodnaviria,Shotokuvirae,Cressdnaviricota,Repensiviricetes,Geplafuvirales,Genomoviridae,Unclassified Genomoviridae,Gemykibivirus,Dragonfly-associated circular virus 1,Dragonfly-associated circular virus 1 isolate FL1-2X-2010